id,name,generic,category,type,price,isAntibiotic,tags,image
1,Paracetamol 250mg,paracetamol,fever,tablet,41,false,"{fever,pain,headache}",/medicines/paracetamol.jpg
2,Ibuprofen 500mg,ibuprofen,pain,capsule,101,false,"{pain,inflammation}",/medicines/ibuprofen.jpg
3,Cetirizine 650mg,cetirizine,allergy,syrup,47,false,"{allergy,sneezing}",/medicines/cetirizine.jpg
4,Omeprazole 250mg,omeprazole,acidity,tablet,40,false,"{acidity,gas,heartburn}",/medicines/omeprazole.jpg
5,ORS 500mg,ors,hydration,capsule,35,false,"{dehydration,diarrhea}",/medicines/ors.jpg
6,Amoxicillin 650mg,amoxicillin,infection,syrup,37,true,"{infection}",/medicines/amoxicillin.jpg
7,Azithromycin 250mg,azithromycin,infection,tablet,31,true,"{infection}",/medicines/azithromycin.jpg
8,Paracetamol 500mg,paracetamol,fever,capsule,75,false,"{fever,pain,headache}",/medicines/paracetamol.jpg
9,Ibuprofen 650mg,ibuprofen,pain,syrup,73,false,"{pain,inflammation}",/medicines/ibuprofen.jpg
10,Cetirizine 250mg,cetirizine,allergy,tablet,79,false,"{allergy,sneezing}",/medicines/cetirizine.jpg
11,Omeprazole 500mg,omeprazole,acidity,capsule,73,false,"{acidity,gas,heartburn}",/medicines/omeprazole.jpg
12,ORS 650mg,ors,hydration,syrup,22,false,"{dehydration,diarrhea}",/medicines/ors.jpg
13,Amoxicillin 250mg,amoxicillin,infection,tablet,64,true,"{infection}",/medicines/amoxicillin.jpg
14,Azithromycin 500mg,azithromycin,infection,capsule,100,true,"{infection}",/medicines/azithromycin.jpg
15,Paracetamol 650mg,paracetamol,fever,syrup,24,false,"{fever,pain,headache}",/medicines/paracetamol.jpg
16,Ibuprofen 250mg,ibuprofen,pain,tablet,111,false,"{pain,inflammation}",/medicines/ibuprofen.jpg
17,Cetirizine 500mg,cetirizine,allergy,capsule,88,false,"{allergy,sneezing}",/medicines/cetirizine.jpg
18,Omeprazole 650mg,omeprazole,acidity,syrup,117,false,"{acidity,gas,heartburn}",/medicines/omeprazole.jpg
19,ORS 250mg,ors,hydration,tablet,110,false,"{dehydration,diarrhea}",/medicines/ors.jpg
20,Amoxicillin 500mg,amoxicillin,infection,capsule,64,true,"{infection}",/medicines/amoxicillin.jpg
21,Azithromycin 650mg,azithromycin,infection,syrup,83,true,"{infection}",/medicines/azithromycin.jpg
22,Paracetamol 250mg,paracetamol,fever,tablet,102,false,"{fever,pain,headache}",/medicines/paracetamol.jpg
23,Ibuprofen 500mg,ibuprofen,pain,capsule,41,false,"{pain,inflammation}",/medicines/ibuprofen.jpg
24,Cetirizine 650mg,cetirizine,allergy,syrup,114,false,"{allergy,sneezing}",/medicines/cetirizine.jpg
25,Omeprazole 250mg,omeprazole,acidity,tablet,100,false,"{acidity,gas,heartburn}",/medicines/omeprazole.jpg
26,ORS 500mg,ors,hydration,capsule,60,false,"{dehydration,diarrhea}",/medicines/ors.jpg
27,Amoxicillin 650mg,amoxicillin,infection,syrup,89,true,"{infection}",/medicines/amoxicillin.jpg
28,Azithromycin 250mg,azithromycin,infection,tablet,89,true,"{infection}",/medicines/azithromycin.jpg
29,Paracetamol 500mg,paracetamol,fever,capsule,92,false,"{fever,pain,headache}",/medicines/paracetamol.jpg
30,Ibuprofen 650mg,ibuprofen,pain,syrup,28,false,"{pain,inflammation}",/medicines/ibuprofen.jpg
31,Cetirizine 250mg,cetirizine,allergy,tablet,85,false,"{allergy,sneezing}",/medicines/cetirizine.jpg
32,Omeprazole 500mg,omeprazole,acidity,capsule,35,false,"{acidity,gas,heartburn}",/medicines/omeprazole.jpg
33,ORS 650mg,ors,hydration,syrup,56,false,"{dehydration,diarrhea}",/medicines/ors.jpg
34,Amoxicillin 250mg,amoxicillin,infection,tablet,61,true,"{infection}",/medicines/amoxicillin.jpg
35,Azithromycin 500mg,azithromycin,infection,capsule,27,true,"{infection}",/medicines/azithromycin.jpg
36,Paracetamol 650mg,paracetamol,fever,syrup,83,false,"{fever,pain,headache}",/medicines/paracetamol.jpg
37,Ibuprofen 250mg,ibuprofen,pain,tablet,28,false,"{pain,inflammation}",/medicines/ibuprofen.jpg
38,Cetirizine 500mg,cetirizine,allergy,capsule,98,false,"{allergy,sneezing}",/medicines/cetirizine.jpg
39,Omeprazole 650mg,omeprazole,acidity,syrup,70,false,"{acidity,gas,heartburn}",/medicines/omeprazole.jpg
40,ORS 250mg,ors,hydration,tablet,83,false,"{dehydration,diarrhea}",/medicines/ors.jpg
41,Amoxicillin 500mg,amoxicillin,infection,capsule,50,true,"{infection}",/medicines/amoxicillin.jpg
42,Azithromycin 650mg,azithromycin,infection,syrup,27,true,"{infection}",/medicines/azithromycin.jpg
43,Paracetamol 250mg,paracetamol,fever,tablet,92,false,"{fever,pain,headache}",/medicines/paracetamol.jpg
44,Ibuprofen 500mg,ibuprofen,pain,capsule,109,false,"{pain,inflammation}",/medicines/ibuprofen.jpg
45,Cetirizine 650mg,cetirizine,allergy,syrup,27,false,"{allergy,sneezing}",/medicines/cetirizine.jpg
46,Omeprazole 250mg,omeprazole,acidity,tablet,91,false,"{acidity,gas,heartburn}",/medicines/omeprazole.jpg
47,ORS 500mg,ors,hydration,capsule,47,false,"{dehydration,diarrhea}",/medicines/ors.jpg
48,Amoxicillin 650mg,amoxicillin,infection,syrup,32,true,"{infection}",/medicines/amoxicillin.jpg
49,Azithromycin 250mg,azithromycin,infection,tablet,117,true,"{infection}",/medicines/azithromycin.jpg
50,Paracetamol 500mg,paracetamol,fever,capsule,95,false,"{fever,pain,headache}",/medicines/paracetamol.jpg
51,Ibuprofen 650mg,ibuprofen,pain,syrup,111,false,"{pain,inflammation}",/medicines/ibuprofen.jpg
52,Cetirizine 250mg,cetirizine,allergy,tablet,115,false,"{allergy,sneezing}",/medicines/cetirizine.jpg
53,Omeprazole 500mg,omeprazole,acidity,capsule,104,false,"{acidity,gas,heartburn}",/medicines/omeprazole.jpg
54,ORS 650mg,ors,hydration,syrup,63,false,"{dehydration,diarrhea}",/medicines/ors.jpg
55,Amoxicillin 250mg,amoxicillin,infection,tablet,103,true,"{infection}",/medicines/amoxicillin.jpg
56,Azithromycin 500mg,azithromycin,infection,capsule,62,true,"{infection}",/medicines/azithromycin.jpg
57,Paracetamol 650mg,paracetamol,fever,syrup,59,false,"{fever,pain,headache}",/medicines/paracetamol.jpg
58,Ibuprofen 250mg,ibuprofen,pain,tablet,83,false,"{pain,inflammation}",/medicines/ibuprofen.jpg
59,Cetirizine 500mg,cetirizine,allergy,capsule,67,false,"{allergy,sneezing}",/medicines/cetirizine.jpg
60,Omeprazole 650mg,omeprazole,acidity,syrup,43,false,"{acidity,gas,heartburn}",/medicines/omeprazole.jpg
61,ORS 250mg,ors,hydration,tablet,108,false,"{dehydration,diarrhea}",/medicines/ors.jpg
62,Amoxicillin 500mg,amoxicillin,infection,capsule,55,true,"{infection}",/medicines/amoxicillin.jpg
63,Azithromycin 650mg,azithromycin,infection,syrup,97,true,"{infection}",/medicines/azithromycin.jpg
64,Paracetamol 250mg,paracetamol,fever,tablet,103,false,"{fever,pain,headache}",/medicines/paracetamol.jpg
65,Ibuprofen 500mg,ibuprofen,pain,capsule,110,false,"{pain,inflammation}",/medicines/ibuprofen.jpg
66,Cetirizine 650mg,cetirizine,allergy,syrup,50,false,"{allergy,sneezing}",/medicines/cetirizine.jpg
67,Omeprazole 250mg,omeprazole,acidity,tablet,111,false,"{acidity,gas,heartburn}",/medicines/omeprazole.jpg
68,ORS 500mg,ors,hydration,capsule,21,false,"{dehydration,diarrhea}",/medicines/ors.jpg
69,Amoxicillin 650mg,amoxicillin,infection,syrup,66,true,"{infection}",/medicines/amoxicillin.jpg
70,Azithromycin 250mg,azithromycin,infection,tablet,75,true,"{infection}",/medicines/azithromycin.jpg
71,Paracetamol 500mg,paracetamol,fever,capsule,29,false,"{fever,pain,headache}",/medicines/paracetamol.jpg
72,Ibuprofen 650mg,ibuprofen,pain,syrup,97,false,"{pain,inflammation}",/medicines/ibuprofen.jpg
73,Cetirizine 250mg,cetirizine,allergy,tablet,98,false,"{allergy,sneezing}",/medicines/cetirizine.jpg
74,Omeprazole 500mg,omeprazole,acidity,capsule,72,false,"{acidity,gas,heartburn}",/medicines/omeprazole.jpg
75,ORS 650mg,ors,hydration,syrup,114,false,"{dehydration,diarrhea}",/medicines/ors.jpg
76,Amoxicillin 250mg,amoxicillin,infection,tablet,68,true,"{infection}",/medicines/amoxicillin.jpg
77,Azithromycin 500mg,azithromycin,infection,capsule,56,true,"{infection}",/medicines/azithromycin.jpg
78,Paracetamol 650mg,paracetamol,fever,syrup,40,false,"{fever,pain,headache}",/medicines/paracetamol.jpg
79,Ibuprofen 250mg,ibuprofen,pain,tablet,118,false,"{pain,inflammation}",/medicines/ibuprofen.jpg
80,Cetirizine 500mg,cetirizine,allergy,capsule,84,false,"{allergy,sneezing}",/medicines/cetirizine.jpg
81,Omeprazole 650mg,omeprazole,acidity,syrup,75,false,"{acidity,gas,heartburn}",/medicines/omeprazole.jpg
82,ORS 250mg,ors,hydration,tablet,47,false,"{dehydration,diarrhea}",/medicines/ors.jpg
83,Amoxicillin 500mg,amoxicillin,infection,capsule,58,true,"{infection}",/medicines/amoxicillin.jpg
84,Azithromycin 650mg,azithromycin,infection,syrup,70,true,"{infection}",/medicines/azithromycin.jpg
85,Paracetamol 250mg,paracetamol,fever,tablet,58,false,"{fever,pain,headache}",/medicines/paracetamol.jpg
86,Ibuprofen 500mg,ibuprofen,pain,capsule,93,false,"{pain,inflammation}",/medicines/ibuprofen.jpg
87,Cetirizine 650mg,cetirizine,allergy,syrup,92,false,"{allergy,sneezing}",/medicines/cetirizine.jpg
88,Omeprazole 250mg,omeprazole,acidity,tablet,72,false,"{acidity,gas,heartburn}",/medicines/omeprazole.jpg
89,ORS 500mg,ors,hydration,capsule,32,false,"{dehydration,diarrhea}",/medicines/ors.jpg
90,Amoxicillin 650mg,amoxicillin,infection,syrup,35,true,"{infection}",/medicines/amoxicillin.jpg
91,Azithromycin 250mg,azithromycin,infection,tablet,111,true,"{infection}",/medicines/azithromycin.jpg
92,Paracetamol 500mg,paracetamol,fever,capsule,95,false,"{fever,pain,headache}",/medicines/paracetamol.jpg
93,Ibuprofen 650mg,ibuprofen,pain,syrup,82,false,"{pain,inflammation}",/medicines/ibuprofen.jpg
94,Cetirizine 250mg,cetirizine,allergy,tablet,99,false,"{allergy,sneezing}",/medicines/cetirizine.jpg
95,Omeprazole 500mg,omeprazole,acidity,capsule,102,false,"{acidity,gas,heartburn}",/medicines/omeprazole.jpg
96,ORS 650mg,ors,hydration,syrup,64,false,"{dehydration,diarrhea}",/medicines/ors.jpg
97,Amoxicillin 250mg,amoxicillin,infection,tablet,45,true,"{infection}",/medicines/amoxicillin.jpg
98,Azithromycin 500mg,azithromycin,infection,capsule,23,true,"{infection}",/medicines/azithromycin.jpg
99,Paracetamol 650mg,paracetamol,fever,syrup,73,false,"{fever,pain,headache}",/medicines/paracetamol.jpg
100,Ibuprofen 250mg,ibuprofen,pain,tablet,118,false,"{pain,inflammation}",/medicines/ibuprofen.jpg
101,Cetirizine 500mg,cetirizine,allergy,capsule,111,false,"{allergy,sneezing}",/medicines/cetirizine.jpg
102,Omeprazole 650mg,omeprazole,acidity,syrup,82,false,"{acidity,gas,heartburn}",/medicines/omeprazole.jpg
103,ORS 250mg,ors,hydration,tablet,114,false,"{dehydration,diarrhea}",/medicines/ors.jpg
104,Amoxicillin 500mg,amoxicillin,infection,capsule,53,true,"{infection}",/medicines/amoxicillin.jpg
105,Azithromycin 650mg,azithromycin,infection,syrup,114,true,"{infection}",/medicines/azithromycin.jpg
106,Paracetamol 250mg,paracetamol,fever,tablet,114,false,"{fever,pain,headache}",/medicines/paracetamol.jpg
107,Ibuprofen 500mg,ibuprofen,pain,capsule,70,false,"{pain,inflammation}",/medicines/ibuprofen.jpg
108,Cetirizine 650mg,cetirizine,allergy,syrup,60,false,"{allergy,sneezing}",/medicines/cetirizine.jpg
109,Omeprazole 250mg,omeprazole,acidity,tablet,111,false,"{acidity,gas,heartburn}",/medicines/omeprazole.jpg
110,ORS 500mg,ors,hydration,capsule,77,false,"{dehydration,diarrhea}",/medicines/ors.jpg
111,Amoxicillin 650mg,amoxicillin,infection,syrup,22,true,"{infection}",/medicines/amoxicillin.jpg
112,Azithromycin 250mg,azithromycin,infection,tablet,55,true,"{infection}",/medicines/azithromycin.jpg
113,Paracetamol 500mg,paracetamol,fever,capsule,78,false,"{fever,pain,headache}",/medicines/paracetamol.jpg
114,Ibuprofen 650mg,ibuprofen,pain,syrup,95,false,"{pain,inflammation}",/medicines/ibuprofen.jpg
115,Cetirizine 250mg,cetirizine,allergy,tablet,20,false,"{allergy,sneezing}",/medicines/cetirizine.jpg
116,Omeprazole 500mg,omeprazole,acidity,capsule,88,false,"{acidity,gas,heartburn}",/medicines/omeprazole.jpg
117,ORS 650mg,ors,hydration,syrup,90,false,"{dehydration,diarrhea}",/medicines/ors.jpg
118,Amoxicillin 250mg,amoxicillin,infection,tablet,111,true,"{infection}",/medicines/amoxicillin.jpg
119,Azithromycin 500mg,azithromycin,infection,capsule,62,true,"{infection}",/medicines/azithromycin.jpg
120,Paracetamol 650mg,paracetamol,fever,syrup,99,false,"{fever,pain,headache}",/medicines/paracetamol.jpg
121,Ibuprofen 250mg,ibuprofen,pain,tablet,89,false,"{pain,inflammation}",/medicines/ibuprofen.jpg
122,Cetirizine 500mg,cetirizine,allergy,capsule,20,false,"{allergy,sneezing}",/medicines/cetirizine.jpg
123,Omeprazole 650mg,omeprazole,acidity,syrup,45,false,"{acidity,gas,heartburn}",/medicines/omeprazole.jpg
124,ORS 250mg,ors,hydration,tablet,64,false,"{dehydration,diarrhea}",/medicines/ors.jpg
125,Amoxicillin 500mg,amoxicillin,infection,capsule,23,true,"{infection}",/medicines/amoxicillin.jpg
126,Azithromycin 650mg,azithromycin,infection,syrup,81,true,"{infection}",/medicines/azithromycin.jpg
127,Paracetamol 250mg,paracetamol,fever,tablet,25,false,"{fever,pain,headache}",/medicines/paracetamol.jpg
128,Ibuprofen 500mg,ibuprofen,pain,capsule,79,false,"{pain,inflammation}",/medicines/ibuprofen.jpg
129,Cetirizine 650mg,cetirizine,allergy,syrup,99,false,"{allergy,sneezing}",/medicines/cetirizine.jpg
130,Omeprazole 250mg,omeprazole,acidity,tablet,32,false,"{acidity,gas,heartburn}",/medicines/omeprazole.jpg
131,ORS 500mg,ors,hydration,capsule,43,false,"{dehydration,diarrhea}",/medicines/ors.jpg
132,Amoxicillin 650mg,amoxicillin,infection,syrup,83,true,"{infection}",/medicines/amoxicillin.jpg
133,Azithromycin 250mg,azithromycin,infection,tablet,91,true,"{infection}",/medicines/azithromycin.jpg
134,Paracetamol 500mg,paracetamol,fever,capsule,116,false,"{fever,pain,headache}",/medicines/paracetamol.jpg
135,Ibuprofen 650mg,ibuprofen,pain,syrup,117,false,"{pain,inflammation}",/medicines/ibuprofen.jpg
136,Cetirizine 250mg,cetirizine,allergy,tablet,108,false,"{allergy,sneezing}",/medicines/cetirizine.jpg
137,Omeprazole 500mg,omeprazole,acidity,capsule,85,false,"{acidity,gas,heartburn}",/medicines/omeprazole.jpg
138,ORS 650mg,ors,hydration,syrup,38,false,"{dehydration,diarrhea}",/medicines/ors.jpg
139,Amoxicillin 250mg,amoxicillin,infection,tablet,29,true,"{infection}",/medicines/amoxicillin.jpg
140,Azithromycin 500mg,azithromycin,infection,capsule,78,true,"{infection}",/medicines/azithromycin.jpg
141,Paracetamol 650mg,paracetamol,fever,syrup,34,false,"{fever,pain,headache}",/medicines/paracetamol.jpg
142,Ibuprofen 250mg,ibuprofen,pain,tablet,48,false,"{pain,inflammation}",/medicines/ibuprofen.jpg
143,Cetirizine 500mg,cetirizine,allergy,capsule,20,false,"{allergy,sneezing}",/medicines/cetirizine.jpg
144,Omeprazole 650mg,omeprazole,acidity,syrup,96,false,"{acidity,gas,heartburn}",/medicines/omeprazole.jpg
145,ORS 250mg,ors,hydration,tablet,51,false,"{dehydration,diarrhea}",/medicines/ors.jpg
146,Amoxicillin 500mg,amoxicillin,infection,capsule,60,true,"{infection}",/medicines/amoxicillin.jpg
147,Azithromycin 650mg,azithromycin,infection,syrup,41,true,"{infection}",/medicines/azithromycin.jpg
148,Paracetamol 250mg,paracetamol,fever,tablet,74,false,"{fever,pain,headache}",/medicines/paracetamol.jpg
149,Ibuprofen 500mg,ibuprofen,pain,capsule,24,false,"{pain,inflammation}",/medicines/ibuprofen.jpg
150,Cetirizine 650mg,cetirizine,allergy,syrup,115,false,"{allergy,sneezing}",/medicines/cetirizine.jpg
151,Omeprazole 250mg,omeprazole,acidity,tablet,49,false,"{acidity,gas,heartburn}",/medicines/omeprazole.jpg
152,ORS 500mg,ors,hydration,capsule,88,false,"{dehydration,diarrhea}",/medicines/ors.jpg
153,Amoxicillin 650mg,amoxicillin,infection,syrup,48,true,"{infection}",/medicines/amoxicillin.jpg
154,Azithromycin 250mg,azithromycin,infection,tablet,62,true,"{infection}",/medicines/azithromycin.jpg
155,Paracetamol 500mg,paracetamol,fever,capsule,62,false,"{fever,pain,headache}",/medicines/paracetamol.jpg
156,Ibuprofen 650mg,ibuprofen,pain,syrup,77,false,"{pain,inflammation}",/medicines/ibuprofen.jpg
157,Cetirizine 250mg,cetirizine,allergy,tablet,34,false,"{allergy,sneezing}",/medicines/cetirizine.jpg
158,Omeprazole 500mg,omeprazole,acidity,capsule,34,false,"{acidity,gas,heartburn}",/medicines/omeprazole.jpg
159,ORS 650mg,ors,hydration,syrup,110,false,"{dehydration,diarrhea}",/medicines/ors.jpg
160,Amoxicillin 250mg,amoxicillin,infection,tablet,58,true,"{infection}",/medicines/amoxicillin.jpg
161,Azithromycin 500mg,azithromycin,infection,capsule,21,true,"{infection}",/medicines/azithromycin.jpg
162,Paracetamol 650mg,paracetamol,fever,syrup,36,false,"{fever,pain,headache}",/medicines/paracetamol.jpg
163,Ibuprofen 250mg,ibuprofen,pain,tablet,56,false,"{pain,inflammation}",/medicines/ibuprofen.jpg
164,Cetirizine 500mg,cetirizine,allergy,capsule,87,false,"{allergy,sneezing}",/medicines/cetirizine.jpg
165,Omeprazole 650mg,omeprazole,acidity,syrup,38,false,"{acidity,gas,heartburn}",/medicines/omeprazole.jpg
166,ORS 250mg,ors,hydration,tablet,59,false,"{dehydration,diarrhea}",/medicines/ors.jpg
167,Amoxicillin 500mg,amoxicillin,infection,capsule,113,true,"{infection}",/medicines/amoxicillin.jpg
168,Azithromycin 650mg,azithromycin,infection,syrup,65,true,"{infection}",/medicines/azithromycin.jpg
169,Paracetamol 250mg,paracetamol,fever,tablet,30,false,"{fever,pain,headache}",/medicines/paracetamol.jpg
170,Ibuprofen 500mg,ibuprofen,pain,capsule,35,false,"{pain,inflammation}",/medicines/ibuprofen.jpg
171,Cetirizine 650mg,cetirizine,allergy,syrup,27,false,"{allergy,sneezing}",/medicines/cetirizine.jpg
172,Omeprazole 250mg,omeprazole,acidity,tablet,117,false,"{acidity,gas,heartburn}",/medicines/omeprazole.jpg
173,ORS 500mg,ors,hydration,capsule,21,false,"{dehydration,diarrhea}",/medicines/ors.jpg
174,Amoxicillin 650mg,amoxicillin,infection,syrup,92,true,"{infection}",/medicines/amoxicillin.jpg
175,Azithromycin 250mg,azithromycin,infection,tablet,37,true,"{infection}",/medicines/azithromycin.jpg
176,Paracetamol 500mg,paracetamol,fever,capsule,65,false,"{fever,pain,headache}",/medicines/paracetamol.jpg
177,Ibuprofen 650mg,ibuprofen,pain,syrup,64,false,"{pain,inflammation}",/medicines/ibuprofen.jpg
178,Cetirizine 250mg,cetirizine,allergy,tablet,25,false,"{allergy,sneezing}",/medicines/cetirizine.jpg
179,Omeprazole 500mg,omeprazole,acidity,capsule,27,false,"{acidity,gas,heartburn}",/medicines/omeprazole.jpg
180,ORS 650mg,ors,hydration,syrup,45,false,"{dehydration,diarrhea}",/medicines/ors.jpg
181,Amoxicillin 250mg,amoxicillin,infection,tablet,106,true,"{infection}",/medicines/amoxicillin.jpg
182,Azithromycin 500mg,azithromycin,infection,capsule,47,true,"{infection}",/medicines/azithromycin.jpg
183,Paracetamol 650mg,paracetamol,fever,syrup,47,false,"{fever,pain,headache}",/medicines/paracetamol.jpg
184,Ibuprofen 250mg,ibuprofen,pain,tablet,22,false,"{pain,inflammation}",/medicines/ibuprofen.jpg
185,Cetirizine 500mg,cetirizine,allergy,capsule,42,false,"{allergy,sneezing}",/medicines/cetirizine.jpg
186,Omeprazole 650mg,omeprazole,acidity,syrup,72,false,"{acidity,gas,heartburn}",/medicines/omeprazole.jpg
187,ORS 250mg,ors,hydration,tablet,99,false,"{dehydration,diarrhea}",/medicines/ors.jpg
188,Amoxicillin 500mg,amoxicillin,infection,capsule,54,true,"{infection}",/medicines/amoxicillin.jpg
189,Azithromycin 650mg,azithromycin,infection,syrup,62,true,"{infection}",/medicines/azithromycin.jpg
190,Paracetamol 250mg,paracetamol,fever,tablet,102,false,"{fever,pain,headache}",/medicines/paracetamol.jpg
191,Ibuprofen 500mg,ibuprofen,pain,capsule,83,false,"{pain,inflammation}",/medicines/ibuprofen.jpg
192,Cetirizine 650mg,cetirizine,allergy,syrup,65,false,"{allergy,sneezing}",/medicines/cetirizine.jpg
193,Omeprazole 250mg,omeprazole,acidity,tablet,47,false,"{acidity,gas,heartburn}",/medicines/omeprazole.jpg
194,ORS 500mg,ors,hydration,capsule,42,false,"{dehydration,diarrhea}",/medicines/ors.jpg
195,Amoxicillin 650mg,amoxicillin,infection,syrup,29,true,"{infection}",/medicines/amoxicillin.jpg
196,Azithromycin 250mg,azithromycin,infection,tablet,111,true,"{infection}",/medicines/azithromycin.jpg
197,Paracetamol 500mg,paracetamol,fever,capsule,94,false,"{fever,pain,headache}",/medicines/paracetamol.jpg
198,Ibuprofen 650mg,ibuprofen,pain,syrup,31,false,"{pain,inflammation}",/medicines/ibuprofen.jpg
199,Cetirizine 250mg,cetirizine,allergy,tablet,96,false,"{allergy,sneezing}",/medicines/cetirizine.jpg
200,Omeprazole 500mg,omeprazole,acidity,capsule,34,false,"{acidity,gas,heartburn}",/medicines/omeprazole.jpg
201,ORS 650mg,ors,hydration,syrup,35,false,"{dehydration,diarrhea}",/medicines/ors.jpg
202,Amoxicillin 250mg,amoxicillin,infection,tablet,63,true,"{infection}",/medicines/amoxicillin.jpg
203,Azithromycin 500mg,azithromycin,infection,capsule,65,true,"{infection}",/medicines/azithromycin.jpg
204,Paracetamol 650mg,paracetamol,fever,syrup,28,false,"{fever,pain,headache}",/medicines/paracetamol.jpg
205,Ibuprofen 250mg,ibuprofen,pain,tablet,57,false,"{pain,inflammation}",/medicines/ibuprofen.jpg
206,Cetirizine 500mg,cetirizine,allergy,capsule,102,false,"{allergy,sneezing}",/medicines/cetirizine.jpg
207,Omeprazole 650mg,omeprazole,acidity,syrup,46,false,"{acidity,gas,heartburn}",/medicines/omeprazole.jpg
208,ORS 250mg,ors,hydration,tablet,87,false,"{dehydration,diarrhea}",/medicines/ors.jpg
209,Amoxicillin 500mg,amoxicillin,infection,capsule,99,true,"{infection}",/medicines/amoxicillin.jpg
210,Azithromycin 650mg,azithromycin,infection,syrup,52,true,"{infection}",/medicines/azithromycin.jpg
211,Paracetamol 250mg,paracetamol,fever,tablet,55,false,"{fever,pain,headache}",/medicines/paracetamol.jpg
212,Ibuprofen 500mg,ibuprofen,pain,capsule,28,false,"{pain,inflammation}",/medicines/ibuprofen.jpg
213,Cetirizine 650mg,cetirizine,allergy,syrup,92,false,"{allergy,sneezing}",/medicines/cetirizine.jpg
214,Omeprazole 250mg,omeprazole,acidity,tablet,57,false,"{acidity,gas,heartburn}",/medicines/omeprazole.jpg
215,ORS 500mg,ors,hydration,capsule,106,false,"{dehydration,diarrhea}",/medicines/ors.jpg
216,Amoxicillin 650mg,amoxicillin,infection,syrup,32,true,"{infection}",/medicines/amoxicillin.jpg
217,Azithromycin 250mg,azithromycin,infection,tablet,34,true,"{infection}",/medicines/azithromycin.jpg
218,Paracetamol 500mg,paracetamol,fever,capsule,55,false,"{fever,pain,headache}",/medicines/paracetamol.jpg
219,Ibuprofen 650mg,ibuprofen,pain,syrup,56,false,"{pain,inflammation}",/medicines/ibuprofen.jpg
220,Cetirizine 250mg,cetirizine,allergy,tablet,98,false,"{allergy,sneezing}",/medicines/cetirizine.jpg
221,Omeprazole 500mg,omeprazole,acidity,capsule,58,false,"{acidity,gas,heartburn}",/medicines/omeprazole.jpg
222,ORS 650mg,ors,hydration,syrup,55,false,"{dehydration,diarrhea}",/medicines/ors.jpg
223,Amoxicillin 250mg,amoxicillin,infection,tablet,61,true,"{infection}",/medicines/amoxicillin.jpg
224,Azithromycin 500mg,azithromycin,infection,capsule,52,true,"{infection}",/medicines/azithromycin.jpg
225,Paracetamol 650mg,paracetamol,fever,syrup,68,false,"{fever,pain,headache}",/medicines/paracetamol.jpg
226,Ibuprofen 250mg,ibuprofen,pain,tablet,32,false,"{pain,inflammation}",/medicines/ibuprofen.jpg
227,Cetirizine 500mg,cetirizine,allergy,capsule,65,false,"{allergy,sneezing}",/medicines/cetirizine.jpg
228,Omeprazole 650mg,omeprazole,acidity,syrup,106,false,"{acidity,gas,heartburn}",/medicines/omeprazole.jpg
229,ORS 250mg,ors,hydration,tablet,103,false,"{dehydration,diarrhea}",/medicines/ors.jpg
230,Amoxicillin 500mg,amoxicillin,infection,capsule,74,true,"{infection}",/medicines/amoxicillin.jpg
231,Azithromycin 650mg,azithromycin,infection,syrup,70,true,"{infection}",/medicines/azithromycin.jpg
232,Paracetamol 250mg,paracetamol,fever,tablet,39,false,"{fever,pain,headache}",/medicines/paracetamol.jpg
233,Ibuprofen 500mg,ibuprofen,pain,capsule,57,false,"{pain,inflammation}",/medicines/ibuprofen.jpg
234,Cetirizine 650mg,cetirizine,allergy,syrup,20,false,"{allergy,sneezing}",/medicines/cetirizine.jpg
235,Omeprazole 250mg,omeprazole,acidity,tablet,101,false,"{acidity,gas,heartburn}",/medicines/omeprazole.jpg
236,ORS 500mg,ors,hydration,capsule,106,false,"{dehydration,diarrhea}",/medicines/ors.jpg
237,Amoxicillin 650mg,amoxicillin,infection,syrup,24,true,"{infection}",/medicines/amoxicillin.jpg
238,Azithromycin 250mg,azithromycin,infection,tablet,107,true,"{infection}",/medicines/azithromycin.jpg
239,Paracetamol 500mg,paracetamol,fever,capsule,29,false,"{fever,pain,headache}",/medicines/paracetamol.jpg
240,Ibuprofen 650mg,ibuprofen,pain,syrup,60,false,"{pain,inflammation}",/medicines/ibuprofen.jpg
241,Cetirizine 250mg,cetirizine,allergy,tablet,70,false,"{allergy,sneezing}",/medicines/cetirizine.jpg
242,Omeprazole 500mg,omeprazole,acidity,capsule,21,false,"{acidity,gas,heartburn}",/medicines/omeprazole.jpg
243,ORS 650mg,ors,hydration,syrup,85,false,"{dehydration,diarrhea}",/medicines/ors.jpg
244,Amoxicillin 250mg,amoxicillin,infection,tablet,107,true,"{infection}",/medicines/amoxicillin.jpg
245,Azithromycin 500mg,azithromycin,infection,capsule,37,true,"{infection}",/medicines/azithromycin.jpg
246,Paracetamol 650mg,paracetamol,fever,syrup,105,false,"{fever,pain,headache}",/medicines/paracetamol.jpg
247,Ibuprofen 250mg,ibuprofen,pain,tablet,37,false,"{pain,inflammation}",/medicines/ibuprofen.jpg
248,Cetirizine 500mg,cetirizine,allergy,capsule,27,false,"{allergy,sneezing}",/medicines/cetirizine.jpg
249,Omeprazole 650mg,omeprazole,acidity,syrup,71,false,"{acidity,gas,heartburn}",/medicines/omeprazole.jpg
250,ORS 250mg,ors,hydration,tablet,40,false,"{dehydration,diarrhea}",/medicines/ors.jpg
251,Amoxicillin 500mg,amoxicillin,infection,capsule,97,true,"{infection}",/medicines/amoxicillin.jpg
252,Azithromycin 650mg,azithromycin,infection,syrup,49,true,"{infection}",/medicines/azithromycin.jpg
253,Paracetamol 250mg,paracetamol,fever,tablet,102,false,"{fever,pain,headache}",/medicines/paracetamol.jpg
254,Ibuprofen 500mg,ibuprofen,pain,capsule,116,false,"{pain,inflammation}",/medicines/ibuprofen.jpg
255,Cetirizine 650mg,cetirizine,allergy,syrup,92,false,"{allergy,sneezing}",/medicines/cetirizine.jpg
256,Omeprazole 250mg,omeprazole,acidity,tablet,43,false,"{acidity,gas,heartburn}",/medicines/omeprazole.jpg
257,ORS 500mg,ors,hydration,capsule,72,false,"{dehydration,diarrhea}",/medicines/ors.jpg
258,Amoxicillin 650mg,amoxicillin,infection,syrup,39,true,"{infection}",/medicines/amoxicillin.jpg
259,Azithromycin 250mg,azithromycin,infection,tablet,116,true,"{infection}",/medicines/azithromycin.jpg
260,Paracetamol 500mg,paracetamol,fever,capsule,22,false,"{fever,pain,headache}",/medicines/paracetamol.jpg
261,Ibuprofen 650mg,ibuprofen,pain,syrup,40,false,"{pain,inflammation}",/medicines/ibuprofen.jpg
262,Cetirizine 250mg,cetirizine,allergy,tablet,119,false,"{allergy,sneezing}",/medicines/cetirizine.jpg
263,Omeprazole 500mg,omeprazole,acidity,capsule,68,false,"{acidity,gas,heartburn}",/medicines/omeprazole.jpg
264,ORS 650mg,ors,hydration,syrup,45,false,"{dehydration,diarrhea}",/medicines/ors.jpg
265,Amoxicillin 250mg,amoxicillin,infection,tablet,94,true,"{infection}",/medicines/amoxicillin.jpg
266,Azithromycin 500mg,azithromycin,infection,capsule,22,true,"{infection}",/medicines/azithromycin.jpg
267,Paracetamol 650mg,paracetamol,fever,syrup,77,false,"{fever,pain,headache}",/medicines/paracetamol.jpg
268,Ibuprofen 250mg,ibuprofen,pain,tablet,69,false,"{pain,inflammation}",/medicines/ibuprofen.jpg
269,Cetirizine 500mg,cetirizine,allergy,capsule,112,false,"{allergy,sneezing}",/medicines/cetirizine.jpg
270,Omeprazole 650mg,omeprazole,acidity,syrup,72,false,"{acidity,gas,heartburn}",/medicines/omeprazole.jpg
271,ORS 250mg,ors,hydration,tablet,40,false,"{dehydration,diarrhea}",/medicines/ors.jpg
272,Amoxicillin 500mg,amoxicillin,infection,capsule,72,true,"{infection}",/medicines/amoxicillin.jpg
273,Azithromycin 650mg,azithromycin,infection,syrup,74,true,"{infection}",/medicines/azithromycin.jpg
274,Paracetamol 250mg,paracetamol,fever,tablet,80,false,"{fever,pain,headache}",/medicines/paracetamol.jpg
275,Ibuprofen 500mg,ibuprofen,pain,capsule,55,false,"{pain,inflammation}",/medicines/ibuprofen.jpg
276,Cetirizine 650mg,cetirizine,allergy,syrup,38,false,"{allergy,sneezing}",/medicines/cetirizine.jpg
277,Omeprazole 250mg,omeprazole,acidity,tablet,21,false,"{acidity,gas,heartburn}",/medicines/omeprazole.jpg
278,ORS 500mg,ors,hydration,capsule,54,false,"{dehydration,diarrhea}",/medicines/ors.jpg
279,Amoxicillin 650mg,amoxicillin,infection,syrup,54,true,"{infection}",/medicines/amoxicillin.jpg
280,Azithromycin 250mg,azithromycin,infection,tablet,27,true,"{infection}",/medicines/azithromycin.jpg
281,Paracetamol 500mg,paracetamol,fever,capsule,88,false,"{fever,pain,headache}",/medicines/paracetamol.jpg
282,Ibuprofen 650mg,ibuprofen,pain,syrup,107,false,"{pain,inflammation}",/medicines/ibuprofen.jpg
283,Cetirizine 250mg,cetirizine,allergy,tablet,94,false,"{allergy,sneezing}",/medicines/cetirizine.jpg
284,Omeprazole 500mg,omeprazole,acidity,capsule,44,false,"{acidity,gas,heartburn}",/medicines/omeprazole.jpg
285,ORS 650mg,ors,hydration,syrup,74,false,"{dehydration,diarrhea}",/medicines/ors.jpg
286,Amoxicillin 250mg,amoxicillin,infection,tablet,23,true,"{infection}",/medicines/amoxicillin.jpg
287,Azithromycin 500mg,azithromycin,infection,capsule,108,true,"{infection}",/medicines/azithromycin.jpg
288,Paracetamol 650mg,paracetamol,fever,syrup,61,false,"{fever,pain,headache}",/medicines/paracetamol.jpg
289,Ibuprofen 250mg,ibuprofen,pain,tablet,93,false,"{pain,inflammation}",/medicines/ibuprofen.jpg
290,Cetirizine 500mg,cetirizine,allergy,capsule,50,false,"{allergy,sneezing}",/medicines/cetirizine.jpg
291,Omeprazole 650mg,omeprazole,acidity,syrup,43,false,"{acidity,gas,heartburn}",/medicines/omeprazole.jpg
292,ORS 250mg,ors,hydration,tablet,34,false,"{dehydration,diarrhea}",/medicines/ors.jpg
293,Amoxicillin 500mg,amoxicillin,infection,capsule,99,true,"{infection}",/medicines/amoxicillin.jpg
294,Azithromycin 650mg,azithromycin,infection,syrup,79,true,"{infection}",/medicines/azithromycin.jpg
295,Paracetamol 250mg,paracetamol,fever,tablet,101,false,"{fever,pain,headache}",/medicines/paracetamol.jpg
296,Ibuprofen 500mg,ibuprofen,pain,capsule,22,false,"{pain,inflammation}",/medicines/ibuprofen.jpg
297,Cetirizine 650mg,cetirizine,allergy,syrup,22,false,"{allergy,sneezing}",/medicines/cetirizine.jpg
298,Omeprazole 250mg,omeprazole,acidity,tablet,29,false,"{acidity,gas,heartburn}",/medicines/omeprazole.jpg
299,ORS 500mg,ors,hydration,capsule,47,false,"{dehydration,diarrhea}",/medicines/ors.jpg
300,Amoxicillin 650mg,amoxicillin,infection,syrup,118,true,"{infection}",/medicines/amoxicillin.jpg
301,Azithromycin 250mg,azithromycin,infection,tablet,24,true,"{infection}",/medicines/azithromycin.jpg
302,Paracetamol 500mg,paracetamol,fever,capsule,114,false,"{fever,pain,headache}",/medicines/paracetamol.jpg
303,Ibuprofen 650mg,ibuprofen,pain,syrup,57,false,"{pain,inflammation}",/medicines/ibuprofen.jpg
304,Cetirizine 250mg,cetirizine,allergy,tablet,85,false,"{allergy,sneezing}",/medicines/cetirizine.jpg
305,Omeprazole 500mg,omeprazole,acidity,capsule,57,false,"{acidity,gas,heartburn}",/medicines/omeprazole.jpg
306,ORS 650mg,ors,hydration,syrup,86,false,"{dehydration,diarrhea}",/medicines/ors.jpg
307,Amoxicillin 250mg,amoxicillin,infection,tablet,94,true,"{infection}",/medicines/amoxicillin.jpg
308,Azithromycin 500mg,azithromycin,infection,capsule,45,true,"{infection}",/medicines/azithromycin.jpg
309,Paracetamol 650mg,paracetamol,fever,syrup,88,false,"{fever,pain,headache}",/medicines/paracetamol.jpg
310,Ibuprofen 250mg,ibuprofen,pain,tablet,25,false,"{pain,inflammation}",/medicines/ibuprofen.jpg
311,Cetirizine 500mg,cetirizine,allergy,capsule,90,false,"{allergy,sneezing}",/medicines/cetirizine.jpg
312,Omeprazole 650mg,omeprazole,acidity,syrup,74,false,"{acidity,gas,heartburn}",/medicines/omeprazole.jpg
313,ORS 250mg,ors,hydration,tablet,88,false,"{dehydration,diarrhea}",/medicines/ors.jpg
314,Amoxicillin 500mg,amoxicillin,infection,capsule,96,true,"{infection}",/medicines/amoxicillin.jpg
315,Azithromycin 650mg,azithromycin,infection,syrup,114,true,"{infection}",/medicines/azithromycin.jpg
316,Paracetamol 250mg,paracetamol,fever,tablet,81,false,"{fever,pain,headache}",/medicines/paracetamol.jpg
317,Ibuprofen 500mg,ibuprofen,pain,capsule,55,false,"{pain,inflammation}",/medicines/ibuprofen.jpg
318,Cetirizine 650mg,cetirizine,allergy,syrup,63,false,"{allergy,sneezing}",/medicines/cetirizine.jpg
319,Omeprazole 250mg,omeprazole,acidity,tablet,43,false,"{acidity,gas,heartburn}",/medicines/omeprazole.jpg
320,ORS 500mg,ors,hydration,capsule,25,false,"{dehydration,diarrhea}",/medicines/ors.jpg
321,Amoxicillin 650mg,amoxicillin,infection,syrup,90,true,"{infection}",/medicines/amoxicillin.jpg
322,Azithromycin 250mg,azithromycin,infection,tablet,50,true,"{infection}",/medicines/azithromycin.jpg
323,Paracetamol 500mg,paracetamol,fever,capsule,32,false,"{fever,pain,headache}",/medicines/paracetamol.jpg
324,Ibuprofen 650mg,ibuprofen,pain,syrup,50,false,"{pain,inflammation}",/medicines/ibuprofen.jpg
325,Cetirizine 250mg,cetirizine,allergy,tablet,60,false,"{allergy,sneezing}",/medicines/cetirizine.jpg
326,Omeprazole 500mg,omeprazole,acidity,capsule,104,false,"{acidity,gas,heartburn}",/medicines/omeprazole.jpg
327,ORS 650mg,ors,hydration,syrup,23,false,"{dehydration,diarrhea}",/medicines/ors.jpg
328,Amoxicillin 250mg,amoxicillin,infection,tablet,105,true,"{infection}",/medicines/amoxicillin.jpg
329,Azithromycin 500mg,azithromycin,infection,capsule,85,true,"{infection}",/medicines/azithromycin.jpg
330,Paracetamol 650mg,paracetamol,fever,syrup,51,false,"{fever,pain,headache}",/medicines/paracetamol.jpg
331,Ibuprofen 250mg,ibuprofen,pain,tablet,81,false,"{pain,inflammation}",/medicines/ibuprofen.jpg
332,Cetirizine 500mg,cetirizine,allergy,capsule,118,false,"{allergy,sneezing}",/medicines/cetirizine.jpg
333,Omeprazole 650mg,omeprazole,acidity,syrup,105,false,"{acidity,gas,heartburn}",/medicines/omeprazole.jpg
334,ORS 250mg,ors,hydration,tablet,71,false,"{dehydration,diarrhea}",/medicines/ors.jpg
335,Amoxicillin 500mg,amoxicillin,infection,capsule,48,true,"{infection}",/medicines/amoxicillin.jpg
336,Azithromycin 650mg,azithromycin,infection,syrup,28,true,"{infection}",/medicines/azithromycin.jpg
337,Paracetamol 250mg,paracetamol,fever,tablet,86,false,"{fever,pain,headache}",/medicines/paracetamol.jpg
338,Ibuprofen 500mg,ibuprofen,pain,capsule,21,false,"{pain,inflammation}",/medicines/ibuprofen.jpg
339,Cetirizine 650mg,cetirizine,allergy,syrup,96,false,"{allergy,sneezing}",/medicines/cetirizine.jpg
340,Omeprazole 250mg,omeprazole,acidity,tablet,112,false,"{acidity,gas,heartburn}",/medicines/omeprazole.jpg
341,ORS 500mg,ors,hydration,capsule,93,false,"{dehydration,diarrhea}",/medicines/ors.jpg
342,Amoxicillin 650mg,amoxicillin,infection,syrup,70,true,"{infection}",/medicines/amoxicillin.jpg
343,Azithromycin 250mg,azithromycin,infection,tablet,26,true,"{infection}",/medicines/azithromycin.jpg
344,Paracetamol 500mg,paracetamol,fever,capsule,52,false,"{fever,pain,headache}",/medicines/paracetamol.jpg
345,Ibuprofen 650mg,ibuprofen,pain,syrup,73,false,"{pain,inflammation}",/medicines/ibuprofen.jpg
346,Cetirizine 250mg,cetirizine,allergy,tablet,22,false,"{allergy,sneezing}",/medicines/cetirizine.jpg
347,Omeprazole 500mg,omeprazole,acidity,capsule,47,false,"{acidity,gas,heartburn}",/medicines/omeprazole.jpg
348,ORS 650mg,ors,hydration,syrup,36,false,"{dehydration,diarrhea}",/medicines/ors.jpg
349,Amoxicillin 250mg,amoxicillin,infection,tablet,60,true,"{infection}",/medicines/amoxicillin.jpg
350,Azithromycin 500mg,azithromycin,infection,capsule,94,true,"{infection}",/medicines/azithromycin.jpg
351,Paracetamol 650mg,paracetamol,fever,syrup,106,false,"{fever,pain,headache}",/medicines/paracetamol.jpg
352,Ibuprofen 250mg,ibuprofen,pain,tablet,118,false,"{pain,inflammation}",/medicines/ibuprofen.jpg
353,Cetirizine 500mg,cetirizine,allergy,capsule,88,false,"{allergy,sneezing}",/medicines/cetirizine.jpg
354,Omeprazole 650mg,omeprazole,acidity,syrup,29,false,"{acidity,gas,heartburn}",/medicines/omeprazole.jpg
355,ORS 250mg,ors,hydration,tablet,100,false,"{dehydration,diarrhea}",/medicines/ors.jpg
356,Amoxicillin 500mg,amoxicillin,infection,capsule,112,true,"{infection}",/medicines/amoxicillin.jpg
357,Azithromycin 650mg,azithromycin,infection,syrup,99,true,"{infection}",/medicines/azithromycin.jpg
358,Paracetamol 250mg,paracetamol,fever,tablet,21,false,"{fever,pain,headache}",/medicines/paracetamol.jpg
359,Ibuprofen 500mg,ibuprofen,pain,capsule,65,false,"{pain,inflammation}",/medicines/ibuprofen.jpg
360,Cetirizine 650mg,cetirizine,allergy,syrup,61,false,"{allergy,sneezing}",/medicines/cetirizine.jpg
361,Omeprazole 250mg,omeprazole,acidity,tablet,118,false,"{acidity,gas,heartburn}",/medicines/omeprazole.jpg
362,ORS 500mg,ors,hydration,capsule,35,false,"{dehydration,diarrhea}",/medicines/ors.jpg
363,Amoxicillin 650mg,amoxicillin,infection,syrup,90,true,"{infection}",/medicines/amoxicillin.jpg
364,Azithromycin 250mg,azithromycin,infection,tablet,20,true,"{infection}",/medicines/azithromycin.jpg
365,Paracetamol 500mg,paracetamol,fever,capsule,29,false,"{fever,pain,headache}",/medicines/paracetamol.jpg
366,Ibuprofen 650mg,ibuprofen,pain,syrup,38,false,"{pain,inflammation}",/medicines/ibuprofen.jpg
367,Cetirizine 250mg,cetirizine,allergy,tablet,95,false,"{allergy,sneezing}",/medicines/cetirizine.jpg
368,Omeprazole 500mg,omeprazole,acidity,capsule,61,false,"{acidity,gas,heartburn}",/medicines/omeprazole.jpg
369,ORS 650mg,ors,hydration,syrup,104,false,"{dehydration,diarrhea}",/medicines/ors.jpg
370,Amoxicillin 250mg,amoxicillin,infection,tablet,96,true,"{infection}",/medicines/amoxicillin.jpg
371,Azithromycin 500mg,azithromycin,infection,capsule,113,true,"{infection}",/medicines/azithromycin.jpg
372,Paracetamol 650mg,paracetamol,fever,syrup,114,false,"{fever,pain,headache}",/medicines/paracetamol.jpg
373,Ibuprofen 250mg,ibuprofen,pain,tablet,99,false,"{pain,inflammation}",/medicines/ibuprofen.jpg
374,Cetirizine 500mg,cetirizine,allergy,capsule,98,false,"{allergy,sneezing}",/medicines/cetirizine.jpg
375,Omeprazole 650mg,omeprazole,acidity,syrup,77,false,"{acidity,gas,heartburn}",/medicines/omeprazole.jpg
376,ORS 250mg,ors,hydration,tablet,22,false,"{dehydration,diarrhea}",/medicines/ors.jpg
377,Amoxicillin 500mg,amoxicillin,infection,capsule,101,true,"{infection}",/medicines/amoxicillin.jpg
378,Azithromycin 650mg,azithromycin,infection,syrup,77,true,"{infection}",/medicines/azithromycin.jpg
379,Paracetamol 250mg,paracetamol,fever,tablet,44,false,"{fever,pain,headache}",/medicines/paracetamol.jpg
380,Ibuprofen 500mg,ibuprofen,pain,capsule,54,false,"{pain,inflammation}",/medicines/ibuprofen.jpg
381,Cetirizine 650mg,cetirizine,allergy,syrup,34,false,"{allergy,sneezing}",/medicines/cetirizine.jpg
382,Omeprazole 250mg,omeprazole,acidity,tablet,26,false,"{acidity,gas,heartburn}",/medicines/omeprazole.jpg
383,ORS 500mg,ors,hydration,capsule,114,false,"{dehydration,diarrhea}",/medicines/ors.jpg
384,Amoxicillin 650mg,amoxicillin,infection,syrup,86,true,"{infection}",/medicines/amoxicillin.jpg
385,Azithromycin 250mg,azithromycin,infection,tablet,33,true,"{infection}",/medicines/azithromycin.jpg
386,Paracetamol 500mg,paracetamol,fever,capsule,87,false,"{fever,pain,headache}",/medicines/paracetamol.jpg
387,Ibuprofen 650mg,ibuprofen,pain,syrup,77,false,"{pain,inflammation}",/medicines/ibuprofen.jpg
388,Cetirizine 250mg,cetirizine,allergy,tablet,107,false,"{allergy,sneezing}",/medicines/cetirizine.jpg
389,Omeprazole 500mg,omeprazole,acidity,capsule,58,false,"{acidity,gas,heartburn}",/medicines/omeprazole.jpg
390,ORS 650mg,ors,hydration,syrup,32,false,"{dehydration,diarrhea}",/medicines/ors.jpg
391,Amoxicillin 250mg,amoxicillin,infection,tablet,44,true,"{infection}",/medicines/amoxicillin.jpg
392,Azithromycin 500mg,azithromycin,infection,capsule,82,true,"{infection}",/medicines/azithromycin.jpg
393,Paracetamol 650mg,paracetamol,fever,syrup,115,false,"{fever,pain,headache}",/medicines/paracetamol.jpg
394,Ibuprofen 250mg,ibuprofen,pain,tablet,83,false,"{pain,inflammation}",/medicines/ibuprofen.jpg
395,Cetirizine 500mg,cetirizine,allergy,capsule,52,false,"{allergy,sneezing}",/medicines/cetirizine.jpg
396,Omeprazole 650mg,omeprazole,acidity,syrup,43,false,"{acidity,gas,heartburn}",/medicines/omeprazole.jpg
397,ORS 250mg,ors,hydration,tablet,98,false,"{dehydration,diarrhea}",/medicines/ors.jpg
398,Amoxicillin 500mg,amoxicillin,infection,capsule,46,true,"{infection}",/medicines/amoxicillin.jpg
399,Azithromycin 650mg,azithromycin,infection,syrup,21,true,"{infection}",/medicines/azithromycin.jpg
400,Paracetamol 250mg,paracetamol,fever,tablet,113,false,"{fever,pain,headache}",/medicines/paracetamol.jpg
401,Ibuprofen 500mg,ibuprofen,pain,capsule,69,false,"{pain,inflammation}",/medicines/ibuprofen.jpg
402,Cetirizine 650mg,cetirizine,allergy,syrup,21,false,"{allergy,sneezing}",/medicines/cetirizine.jpg
403,Omeprazole 250mg,omeprazole,acidity,tablet,59,false,"{acidity,gas,heartburn}",/medicines/omeprazole.jpg
404,ORS 500mg,ors,hydration,capsule,97,false,"{dehydration,diarrhea}",/medicines/ors.jpg
405,Amoxicillin 650mg,amoxicillin,infection,syrup,87,true,"{infection}",/medicines/amoxicillin.jpg
406,Azithromycin 250mg,azithromycin,infection,tablet,91,true,"{infection}",/medicines/azithromycin.jpg
407,Paracetamol 500mg,paracetamol,fever,capsule,77,false,"{fever,pain,headache}",/medicines/paracetamol.jpg
408,Ibuprofen 650mg,ibuprofen,pain,syrup,39,false,"{pain,inflammation}",/medicines/ibuprofen.jpg
409,Cetirizine 250mg,cetirizine,allergy,tablet,63,false,"{allergy,sneezing}",/medicines/cetirizine.jpg
410,Omeprazole 500mg,omeprazole,acidity,capsule,98,false,"{acidity,gas,heartburn}",/medicines/omeprazole.jpg
411,ORS 650mg,ors,hydration,syrup,30,false,"{dehydration,diarrhea}",/medicines/ors.jpg
412,Amoxicillin 250mg,amoxicillin,infection,tablet,94,true,"{infection}",/medicines/amoxicillin.jpg
413,Azithromycin 500mg,azithromycin,infection,capsule,28,true,"{infection}",/medicines/azithromycin.jpg
414,Paracetamol 650mg,paracetamol,fever,syrup,91,false,"{fever,pain,headache}",/medicines/paracetamol.jpg
415,Ibuprofen 250mg,ibuprofen,pain,tablet,24,false,"{pain,inflammation}",/medicines/ibuprofen.jpg
416,Cetirizine 500mg,cetirizine,allergy,capsule,47,false,"{allergy,sneezing}",/medicines/cetirizine.jpg
417,Omeprazole 650mg,omeprazole,acidity,syrup,47,false,"{acidity,gas,heartburn}",/medicines/omeprazole.jpg
418,ORS 250mg,ors,hydration,tablet,117,false,"{dehydration,diarrhea}",/medicines/ors.jpg
419,Amoxicillin 500mg,amoxicillin,infection,capsule,76,true,"{infection}",/medicines/amoxicillin.jpg
420,Azithromycin 650mg,azithromycin,infection,syrup,20,true,"{infection}",/medicines/azithromycin.jpg
421,Paracetamol 250mg,paracetamol,fever,tablet,52,false,"{fever,pain,headache}",/medicines/paracetamol.jpg
422,Ibuprofen 500mg,ibuprofen,pain,capsule,78,false,"{pain,inflammation}",/medicines/ibuprofen.jpg
423,Cetirizine 650mg,cetirizine,allergy,syrup,89,false,"{allergy,sneezing}",/medicines/cetirizine.jpg
424,Omeprazole 250mg,omeprazole,acidity,tablet,118,false,"{acidity,gas,heartburn}",/medicines/omeprazole.jpg
425,ORS 500mg,ors,hydration,capsule,95,false,"{dehydration,diarrhea}",/medicines/ors.jpg
426,Amoxicillin 650mg,amoxicillin,infection,syrup,51,true,"{infection}",/medicines/amoxicillin.jpg
427,Azithromycin 250mg,azithromycin,infection,tablet,32,true,"{infection}",/medicines/azithromycin.jpg
428,Paracetamol 500mg,paracetamol,fever,capsule,79,false,"{fever,pain,headache}",/medicines/paracetamol.jpg
429,Ibuprofen 650mg,ibuprofen,pain,syrup,43,false,"{pain,inflammation}",/medicines/ibuprofen.jpg
430,Cetirizine 250mg,cetirizine,allergy,tablet,91,false,"{allergy,sneezing}",/medicines/cetirizine.jpg
431,Omeprazole 500mg,omeprazole,acidity,capsule,86,false,"{acidity,gas,heartburn}",/medicines/omeprazole.jpg
432,ORS 650mg,ors,hydration,syrup,63,false,"{dehydration,diarrhea}",/medicines/ors.jpg
433,Amoxicillin 250mg,amoxicillin,infection,tablet,40,true,"{infection}",/medicines/amoxicillin.jpg
434,Azithromycin 500mg,azithromycin,infection,capsule,73,true,"{infection}",/medicines/azithromycin.jpg
435,Paracetamol 650mg,paracetamol,fever,syrup,40,false,"{fever,pain,headache}",/medicines/paracetamol.jpg
436,Ibuprofen 250mg,ibuprofen,pain,tablet,103,false,"{pain,inflammation}",/medicines/ibuprofen.jpg
437,Cetirizine 500mg,cetirizine,allergy,capsule,36,false,"{allergy,sneezing}",/medicines/cetirizine.jpg
438,Omeprazole 650mg,omeprazole,acidity,syrup,114,false,"{acidity,gas,heartburn}",/medicines/omeprazole.jpg
439,ORS 250mg,ors,hydration,tablet,26,false,"{dehydration,diarrhea}",/medicines/ors.jpg
440,Amoxicillin 500mg,amoxicillin,infection,capsule,74,true,"{infection}",/medicines/amoxicillin.jpg
441,Azithromycin 650mg,azithromycin,infection,syrup,79,true,"{infection}",/medicines/azithromycin.jpg
442,Paracetamol 250mg,paracetamol,fever,tablet,104,false,"{fever,pain,headache}",/medicines/paracetamol.jpg
443,Ibuprofen 500mg,ibuprofen,pain,capsule,44,false,"{pain,inflammation}",/medicines/ibuprofen.jpg
444,Cetirizine 650mg,cetirizine,allergy,syrup,87,false,"{allergy,sneezing}",/medicines/cetirizine.jpg
445,Omeprazole 250mg,omeprazole,acidity,tablet,42,false,"{acidity,gas,heartburn}",/medicines/omeprazole.jpg
446,ORS 500mg,ors,hydration,capsule,100,false,"{dehydration,diarrhea}",/medicines/ors.jpg
447,Amoxicillin 650mg,amoxicillin,infection,syrup,94,true,"{infection}",/medicines/amoxicillin.jpg
448,Azithromycin 250mg,azithromycin,infection,tablet,20,true,"{infection}",/medicines/azithromycin.jpg
449,Paracetamol 500mg,paracetamol,fever,capsule,103,false,"{fever,pain,headache}",/medicines/paracetamol.jpg
450,Ibuprofen 650mg,ibuprofen,pain,syrup,24,false,"{pain,inflammation}",/medicines/ibuprofen.jpg
451,Cetirizine 250mg,cetirizine,allergy,tablet,69,false,"{allergy,sneezing}",/medicines/cetirizine.jpg
452,Omeprazole 500mg,omeprazole,acidity,capsule,97,false,"{acidity,gas,heartburn}",/medicines/omeprazole.jpg
453,ORS 650mg,ors,hydration,syrup,46,false,"{dehydration,diarrhea}",/medicines/ors.jpg
454,Amoxicillin 250mg,amoxicillin,infection,tablet,50,true,"{infection}",/medicines/amoxicillin.jpg
455,Azithromycin 500mg,azithromycin,infection,capsule,99,true,"{infection}",/medicines/azithromycin.jpg
456,Paracetamol 650mg,paracetamol,fever,syrup,47,false,"{fever,pain,headache}",/medicines/paracetamol.jpg
457,Ibuprofen 250mg,ibuprofen,pain,tablet,68,false,"{pain,inflammation}",/medicines/ibuprofen.jpg
458,Cetirizine 500mg,cetirizine,allergy,capsule,114,false,"{allergy,sneezing}",/medicines/cetirizine.jpg
459,Omeprazole 650mg,omeprazole,acidity,syrup,44,false,"{acidity,gas,heartburn}",/medicines/omeprazole.jpg
460,ORS 250mg,ors,hydration,tablet,61,false,"{dehydration,diarrhea}",/medicines/ors.jpg
461,Amoxicillin 500mg,amoxicillin,infection,capsule,31,true,"{infection}",/medicines/amoxicillin.jpg
462,Azithromycin 650mg,azithromycin,infection,syrup,79,true,"{infection}",/medicines/azithromycin.jpg
463,Paracetamol 250mg,paracetamol,fever,tablet,36,false,"{fever,pain,headache}",/medicines/paracetamol.jpg
464,Ibuprofen 500mg,ibuprofen,pain,capsule,46,false,"{pain,inflammation}",/medicines/ibuprofen.jpg
465,Cetirizine 650mg,cetirizine,allergy,syrup,84,false,"{allergy,sneezing}",/medicines/cetirizine.jpg
466,Omeprazole 250mg,omeprazole,acidity,tablet,88,false,"{acidity,gas,heartburn}",/medicines/omeprazole.jpg
467,ORS 500mg,ors,hydration,capsule,114,false,"{dehydration,diarrhea}",/medicines/ors.jpg
468,Amoxicillin 650mg,amoxicillin,infection,syrup,25,true,"{infection}",/medicines/amoxicillin.jpg
469,Azithromycin 250mg,azithromycin,infection,tablet,25,true,"{infection}",/medicines/azithromycin.jpg
470,Paracetamol 500mg,paracetamol,fever,capsule,63,false,"{fever,pain,headache}",/medicines/paracetamol.jpg
471,Ibuprofen 650mg,ibuprofen,pain,syrup,43,false,"{pain,inflammation}",/medicines/ibuprofen.jpg
472,Cetirizine 250mg,cetirizine,allergy,tablet,25,false,"{allergy,sneezing}",/medicines/cetirizine.jpg
473,Omeprazole 500mg,omeprazole,acidity,capsule,115,false,"{acidity,gas,heartburn}",/medicines/omeprazole.jpg
474,ORS 650mg,ors,hydration,syrup,71,false,"{dehydration,diarrhea}",/medicines/ors.jpg
475,Amoxicillin 250mg,amoxicillin,infection,tablet,95,true,"{infection}",/medicines/amoxicillin.jpg
476,Azithromycin 500mg,azithromycin,infection,capsule,41,true,"{infection}",/medicines/azithromycin.jpg
477,Paracetamol 650mg,paracetamol,fever,syrup,57,false,"{fever,pain,headache}",/medicines/paracetamol.jpg
478,Ibuprofen 250mg,ibuprofen,pain,tablet,21,false,"{pain,inflammation}",/medicines/ibuprofen.jpg
479,Cetirizine 500mg,cetirizine,allergy,capsule,33,false,"{allergy,sneezing}",/medicines/cetirizine.jpg
480,Omeprazole 650mg,omeprazole,acidity,syrup,92,false,"{acidity,gas,heartburn}",/medicines/omeprazole.jpg
481,ORS 250mg,ors,hydration,tablet,58,false,"{dehydration,diarrhea}",/medicines/ors.jpg
482,Amoxicillin 500mg,amoxicillin,infection,capsule,69,true,"{infection}",/medicines/amoxicillin.jpg
483,Azithromycin 650mg,azithromycin,infection,syrup,28,true,"{infection}",/medicines/azithromycin.jpg
484,Paracetamol 250mg,paracetamol,fever,tablet,88,false,"{fever,pain,headache}",/medicines/paracetamol.jpg
485,Ibuprofen 500mg,ibuprofen,pain,capsule,52,false,"{pain,inflammation}",/medicines/ibuprofen.jpg
486,Cetirizine 650mg,cetirizine,allergy,syrup,106,false,"{allergy,sneezing}",/medicines/cetirizine.jpg
487,Omeprazole 250mg,omeprazole,acidity,tablet,65,false,"{acidity,gas,heartburn}",/medicines/omeprazole.jpg
488,ORS 500mg,ors,hydration,capsule,82,false,"{dehydration,diarrhea}",/medicines/ors.jpg
489,Amoxicillin 650mg,amoxicillin,infection,syrup,108,true,"{infection}",/medicines/amoxicillin.jpg
490,Azithromycin 250mg,azithromycin,infection,tablet,112,true,"{infection}",/medicines/azithromycin.jpg
491,Paracetamol 500mg,paracetamol,fever,capsule,114,false,"{fever,pain,headache}",/medicines/paracetamol.jpg
492,Ibuprofen 650mg,ibuprofen,pain,syrup,96,false,"{pain,inflammation}",/medicines/ibuprofen.jpg
493,Cetirizine 250mg,cetirizine,allergy,tablet,36,false,"{allergy,sneezing}",/medicines/cetirizine.jpg
494,Omeprazole 500mg,omeprazole,acidity,capsule,32,false,"{acidity,gas,heartburn}",/medicines/omeprazole.jpg
495,ORS 650mg,ors,hydration,syrup,67,false,"{dehydration,diarrhea}",/medicines/ors.jpg
496,Amoxicillin 250mg,amoxicillin,infection,tablet,25,true,"{infection}",/medicines/amoxicillin.jpg
497,Azithromycin 500mg,azithromycin,infection,capsule,40,true,"{infection}",/medicines/azithromycin.jpg
498,Paracetamol 650mg,paracetamol,fever,syrup,68,false,"{fever,pain,headache}",/medicines/paracetamol.jpg
499,Ibuprofen 250mg,ibuprofen,pain,tablet,35,false,"{pain,inflammation}",/medicines/ibuprofen.jpg
500,Cetirizine 500mg,cetirizine,allergy,capsule,21,false,"{allergy,sneezing}",/medicines/cetirizine.jpg
